Count,Email,From,Subject
1,notify@mg.flexjobs.com,FlexJobs <notify@mg.flexjobs.com>,"Steve, don‚Äôt miss today‚Äôs new jobs!"
4,no-reply@accounts.google.com,Google <no-reply@accounts.google.com>,Security alert
10,admin@e.turnoutpac.org,"""üü† Trump MELTDOWN | via Progressive Turnout Project"" <admin@e.turnoutpac.org>",Rachel Maddow + Bruce Springsteen + Bill Gates + Steve Mintz >>>
10,admin@e.turnoutpac.org,Harry Dunn <admin@e.turnoutpac.org>,we need George Conway in Congress
2,info@burrowsforcongress.com,Team Democracy <info@burrowsforcongress.com>,"Donald Trump just suggested he should ""cancel"" the midterm elections"
2,speak@ocasiocortez.com,Alexandria Ocasio-Cortez <speak@ocasiocortez.com>,Let‚Äôs send Mary Peltola to the U.S. Senate 
2,noreply@redditmail.com,Reddit <noreply@redditmail.com>,"""Omg just passed Google MLE certificationü§™"""
10,admin@e.turnoutpac.org,"""TRUMP EVISCERATED | TurnoutPAC.org"" <admin@e.turnoutpac.org>",Steve: Do you watch Jeopardy?
4,service@paypal.com,"""service@paypal.com"" <service@paypal.com>",A PayPal Debit Card transaction was declined
7,theearlybird@analystratings.net,The Night Owl <theearlybird@analystratings.net>,ü¶â The Night Owl Newsletter for January 12th
1,noreply@mc.siriusxm.com,SiriusXM <noreply@mc.siriusxm.com>,We Really Want You Back: Redeem Your $5/mo. for 12 months Offer.
3,nordstromrack@eml.nordstromrack.com,NORDSTROM RACK <nordstromrack@eml.nordstromrack.com>,Up to 60% off men‚Äôs jeans from AG & more
5,noreply@r.groupon.com,Groupon New York <noreply@r.groupon.com>,Microsoft Office 2024 Professional Plus or Home & Business 2024
1,support@dropbox.zendesk.com,"""Dropbox (Dropbox Support)"" <support@dropbox.zendesk.com>",Re: Submission from Get Help
1,steve.mintz@gmail.com,Steve Mintz <steve.mintz@gmail.com>,Re: Submission from Get Help
7,theearlybird@analystratings.net,The Early Bird <theearlybird@analystratings.net>,Protect Your Bank Account with THESE 4 Simple Steps
3,feedback@e.democrats.org,"""Erin Conway (via Democrats.org)"" <feedback@e.democrats.org>",To be transparent
10,admin@e.turnoutpac.org,"""the fate of your Social Security (Progressive Turnout Project)"" <admin@e.turnoutpac.org>",regarding Trump‚Äôs DREADFUL plan to eliminate Social Security‚Ä¶ we need you to read this
8,info@email.meetup.com,"""AI Professionals New York - AI Transformation & Adaptation"" <info@email.meetup.com>",üìÖ Just scheduled: Networking for AI Professionals around the world - Feb 10
1,info@katieporter.com,Katie Porter HQ <info@katieporter.com>,Statistically tied:
1,teladocbenefits@email.teladochealth.com,Teladoc Health <teladocbenefits@email.teladochealth.com>,Please review upcoming changes to our Terms of Service and General Privacy Policy
5,noreply@r.groupon.com,Groupon <noreply@r.groupon.com>,AMC Black Tickets & Snacks ‚Äì Big-screen magic across All Locations!
1,alerts@ziprecruiter.com,ZipRecruiter <alerts@ziprecruiter.com>,"Technical Writer - II/ Only W2 Folks job in Dallas, Texas"
1,info@e.leaderswedeserve.com,David Hogg <info@e.leaderswedeserve.com>,A new generation in Maryland
1,cnbcpro@response.cnbc.com,Stocks at Night by CNBC Pro <cnbcpro@response.cnbc.com>,Tuesday's big stock stories: What‚Äôs likely to move the market in the next trading session
6,breakingnews@nytimes.com,The New York Times <breakingnews@nytimes.com>,Breaking news: U.S. attacked boat with aircraft that looked like a civilian plane
4,info@standingstrongamerica.com,"""Justin Streiff, Turning Point USA"" <info@standingstrongamerica.com>",What Charlie did every week ‚Äî no matter what
1,aarpadvocacy@email.aarp.org,"""thoughts@aarp.org"" <aarpadvocacy@email.aarp.org>","1 q for you, Stephen"
3,luckybrand@offers.luckybrand.com,Lucky Brand Clearance <luckybrand@offers.luckybrand.com>,"Steve, Up To 75% Off Clearance Is Yours"
1,reply@e.familysearch.org,FamilySearch <reply@e.familysearch.org>,Early bird pricing ends tomorrow
4,dividends@analystratings.net,DividendStocks <dividends@analystratings.net>,‚Äú$6.6 Trillion Of Customer Bank Deposits At Risk‚Äù
2,acerewards@e1.acehardware.com,Ace Rewards <AceRewards@e1.acehardware.com>,HOURS LEFT to Save 15% Sitewide ‚è≥
1,deltaairlines@o.delta.com,Delta Air Lines <DeltaAirLines@o.delta.com>,Join Delta Business Traveler Free And Unlock New Perks
1,newsletter@read.theinfatuation.com,"""Bryan, Infatuation NYC"" <newsletter@read.theinfatuation.com>",The 10 Best Deals Of Restaurant Week
4,dividends@analystratings.net,"""Porter Stansberry  (Via DividendStocks)"" <dividends@analystratings.net>",That was the first sound of crisis
1,info@emails.huffpost.com,The Good Life by HuffPost <info@emails.huffpost.com>,Instagram users beware: This link might be a scam
1,opentable@mgs.opentable.com,OpenTable <OpenTable@mgs.opentable.com>,Keep your resolutions with Athletic Brewing
5,noreply@r.groupon.com,Gift From Groupon <noreply@r.groupon.com>,Get 30% off Local When You Come Back and Check Us Out
1,voice-noreply@google.com,Google Voice <voice-noreply@google.com>,New missed call from (838) 758-6202.
1,pinterest-recommendations@ideas.pinterest.com,Pinterest <pinterest-recommendations@ideas.pinterest.com>,"Steve, a beautiful life is your calling"
3,crew@your.atlantisinvestors.com,"""RFK Jr‚Äôs rampage ‚Äì John Hill | AI"" <crew@your.atlantisinvestors.com>",RFK Jr to senator: ‚ÄúYou are lying!‚Äù
4,service@paypal.com,"""service@paypal.com"" <service@paypal.com>",Your PayPal Case: PP-R-CNG-609664292
1,info@e.electjon.com,Mary Peltola <info@e.electjon.com>,Humbly asking for your support
3,nytdirect@nytimes.com,NYT Wirecutter <nytdirect@nytimes.com>,7 very good-looking dining tables
2,speak@ocasiocortez.com,Alexandria Ocasio-Cortez <speak@ocasiocortez.com>,We must remember in times such as this: we are not the crazy ones.
1,moveon-help@list.moveon.org,"""No Venezuela Occupation (via MoveOn)"" <moveon-help@list.moveon.org>",Send a letter to demand that Venezuela be run by Venezuelans
6,breakingnews@nytimes.com,The New York Times <breakingnews@nytimes.com>,Breaking news: Minnesota and Illinois sue Trump administration over ICE deployments
4,info@standingstrongamerica.com,Rudy Giuliani <info@standingstrongamerica.com>,No matter what happens‚Ä¶
2,amn@mail.beehiiv.com,American Market News <amn@mail.beehiiv.com>,Trump‚Äôs Hand-Written Letter Will Shock his Haters
2,hello@e.nymag.com,One Great Story <hello@e.nymag.com>,"‚ÄòThe Son King of Hollywood,‚Äô by Reeves Wiedeman"
1,noreply@nedm.asus.com,ASUS United States <noreply@nedm.asus.com>,Winter Sale Is On: Hot Deals End 1/25
8,info@email.meetup.com,"""AI Professionals New York - AI Transformation & Adaptation"" <info@email.meetup.com>",üìÖ Just scheduled: Networking for AI Professionals around the world
1,memberinfo@whitney.org,"""Julie Rega, Whitney Museum of American Art"" <memberinfo@whitney.org>",Don‚Äôt Miss Member Night on Wednesday
2,newyorker@newsletter.newyorker.com,"""David Remnick, The New Yorker"" <newyorker@newsletter.newyorker.com>","Marco Rubio, Trump‚Äôs Foreign-Policy Enabler"
6,breakingnews@nytimes.com,The New York Times <breakingnews@nytimes.com>,Breaking news: Mark Kelly sues Hegseth over attempt to reduce rank and pension
1,foryou-noreply@nytimes.com,The New York Times <foryou-noreply@nytimes.com>,For You: ‚ÄòThe Man and I Both Immediately Lost Our Composure‚Äô
4,no-reply@accounts.google.com,Google <no-reply@accounts.google.com>,Here‚Äôs your link to sign in to your Google Account
2,hello@e.nymag.com,"""Dinner Party, New York Magazine"" <hello@e.nymag.com>",The Noblesse Mo√´t of the Golden Globes
1,marketing@marketing.jackpot.com,"""Jackpot.com"" <marketing@marketing.jackpot.com>",Order Numbers Today!
8,info@email.meetup.com,"""AI Professionals New York - AI Transformation & Adaptation"" <info@email.meetup.com>",üìÖ Just scheduled: Networking for AI Professionals around the world
10,admin@e.turnoutpac.org,"""begging you to respond (via Progressive Turnout Project)"" <admin@e.turnoutpac.org>",sad news for Vote-by-Mail üì´
1,watching-noreply@nytimes.com,The New York Times <watching-noreply@nytimes.com>,Watching: A new Agatha Christie mystery
4,reply@ss.email.nextdoor.com,"""SoHo (Houston-WBdwy-Spring) Posts"" <reply@ss.email.nextdoor.com>",Yum!!
1,cmohan@itmmi.com,Chaitanya Mohan <cmohan@itmmi.com>,"Hiring Infrastructure Architects in Jersey City, NJ OR Charlotte, NC-Hybrid model for a largest banking domain"
8,info@email.meetup.com,"""New York Brainiacs Meetup Group (9,000+ members)"" <info@email.meetup.com>",üìÖ Just scheduled: Murder Mystery Mixer
8,info@email.meetup.com,"""Manhattan Networking Events (6,000+ Members)"" <info@email.meetup.com>",üìÖ Just scheduled: Murder Mystery Mixer
4,info@standingstrongamerica.com,Confidential GOP Memo <info@standingstrongamerica.com>,What Trump shared with his CIA Director
1,member@email.aarp.org,AARP <member@email.aarp.org>,The Daily ‚Äî 10 Memorable Moments at AARP's Movies for Grownups Awards
2,trackingupdates@fedex.com,FedEx Delivery Manager <TrackingUpdates@fedex.com>,Your shipment is scheduled for delivery tomorrow 887837357445
1,speakup@overthrowhospitality.com,Overthrow Hospitality <speakup@overthrowhospitality.com>,Introducing Our First Jain Dinner
1,noreply@communications.argenx.com,argenx CIDP <NoReply@communications.argenx.com>,"Stephen, secure your spot for this virtual CIDP event"
1,donotreply@mail.schwab.com,"""Charles Schwab & Co., Inc."" <donotreply@mail.schwab.com>",DEPOSITED: Your Schwab brokerage mobile deposit
6,breakingnews@nytimes.com,The New York Times <breakingnews@nytimes.com>,Breaking news: Prosecutor is fired amid Comey case turmoil
3,crew@your.atlantisinvestors.com,"""Patriot Tax Loophole ‚Äî John Hill | AI"" <crew@your.atlantisinvestors.com>",Trump‚Äôs Currency ‚ÄúNuclear Option‚Äù
1,newsletters@email.thestreet.com,TheStreet Daily <newsletters@email.thestreet.com>,Venture capital‚Äôs comeback: Fewer winners
2,acerewards@e1.acehardware.com,Ace Rewards <AceRewards@e1.acehardware.com>,15% OFF! Sitewide Savings Today Only
7,theearlybird@analystratings.net,The Early Bird <theearlybird@analystratings.net>,Everyone's Talking About AI Chatbots - Few Know What They Actually Require
2,trackingupdates@fedex.com,FedEx Delivery Manager <TrackingUpdates@fedex.com>,Your shipment is on the way 887837357445
1,email@mail.salesforce.com,Tableau from Salesforce <email@mail.salesforce.com>,What is Tableau Pulse? Watch the demo to find out.
1,nordstrom@eml.nordstrom.com,NORDSTROM <nordstrom@eml.nordstrom.com>,It's the year of the horse
1,info@colinallred.com,Colin Allred HQ <info@colinallred.com>,re: The Voting Rights Act
4,reply@ss.email.nextdoor.com,"""SoHo (Houston-WBdwy-Spring) Trending Posts"" <reply@ss.email.nextdoor.com>",Good afternoon!
8,account@seekingalpha.com,SA Breaking News <account@seekingalpha.com>,XLF: These mid-cap financials lag as EPS revisions signal softer momentum ahead of earnings
8,account@seekingalpha.com,SA Breaking News <account@seekingalpha.com>,XLF: Mid-cap financial stocks that shine with top EPS revisions
1,coursera@m.learn.coursera.org,Coursera <Coursera@m.learn.coursera.org>,Ready: AI For Everyone
2,newyorker@newsletter.newyorker.com,New Yorker Humor <newyorker@newsletter.newyorker.com>,Mom and Dad: The Performance Review
2,sofi@m.sofi.org,SoFi Invest <SoFi@m.sofi.org>,IPO INVESTING: New IPO offering is available
1,no-reply+b40a04cc@toast-restaurants.com,Chama Mama Team <no-reply+b40a04cc@toast-restaurants.com>,Be the First to Experience Our Winter Menu
8,account@seekingalpha.com,SA Breaking News <account@seekingalpha.com>,XLF: Worst small-cap financial stocks by EPS revisions as earnings season nears
1,info@circajewels.com,CIRCA <info@circajewels.com>,"The CIRCA Vault | Bulgari, Van Cleef & Arpels"
1,no-reply@email.peacocktv.com,Peacock <no-reply@email.peacocktv.com>,This week's must-sees üëÄ
1,info@us.umusic-online.com,The Sound of Vinyl <info@us.umusic-online.com>,Deep Cuts: 40% Off Catalog Titles For A Limited Time
1,newsletter@email.bhphotovideo.com,"""B&H Photo Video Pro Audio"" <newsletter@email.bhphotovideo.com>","B&H Event Space: In-Person Classes, Demos, and Talks!"
8,account@seekingalpha.com,SA Breaking News <account@seekingalpha.com>,XLF: Best and worst-rated financial stocks heading into earnings
1,noreply@e.malwarebytes.com,Malwarebytes <noreply@e.malwarebytes.com>,Grok AI apologizes for creating inappropriate images of minors
8,account@seekingalpha.com,SA Breaking News <account@seekingalpha.com>,XLF: Small-cap financials are in focus as EPS earnings season approaches
1,weather@marketing.weather.com,The Weather Channel <weather@marketing.weather.com>,"Goodbye La Ni√±a, Hello El Ni√±o"
1,info@pactothefuture.org,"""Steve Mintz, Nancy Pelosi"" <info@pactothefuture.org>",not a typo
1,memberservices@founderscard.com,FoundersCard <memberservices@founderscard.com>,2 Free Airport Lounge Passes ‚Äî On Us
1,partners@email.winespectator.com,Wine Spectator Partner <partners@email.winespectator.com>,The Gold Standard of Prosecco
3,feedback@e.democrats.org,Mary Peltola <feedback@e.democrats.org>,I am running for U.S. Senate
4,dividends@analystratings.net,"""DividendStocks.com"" <dividends@analystratings.net>",ü™ô Dividend Stocks Newsletter for 1/12/2026
3,nordstromrack@eml.nordstromrack.com,NORDSTROM RACK FLASH <nordstromrack@eml.nordstromrack.com>,Built for the Outdoors Feat. Merrell | Just In: Free People Up to 65% Off
1,info@jstreet.org,"""Ilan Goldenberg, J Street"" <info@jstreet.org>",[J STREET BRIEFING] Is Iran‚Äôs regime about to fall?
3,crew@your.atlantisinvestors.com,"""Cybertruck Stunt ‚Äî John Hill | AI"" <crew@your.atlantisinvestors.com>",Crazy Footage of This Cybertruck Stunt Will Shock You
4,reply@ss.email.nextdoor.com,"""SoHo (Houston-WBdwy-Spring) Safety Posts"" <reply@ss.email.nextdoor.com>",Please be careful at PRINCE GRILL AND JUICE BAR on...
2,sofi@m.sofi.org,SoFi Crypto <SoFi@m.sofi.org>,Bonus reminder: buy $10 in crypto and get a $10 bonus.
1,contact@e.kamalaharris.com,Kamala Harris <contact@e.kamalaharris.com>,Alaska
3,nytdirect@nytimes.com,NYT Cooking <nytdirect@nytimes.com>,Chicken piccata pasta; sticky date oatmeal
1,no-reply@alerts.jobot.com,Jobot <no-reply@alerts.jobot.com>,New Year. New Job Opportunities.
1,no-reply@mail.yelp.com,Yelp <no-reply@mail.yelp.com>,See what the hype is about üëÄ
2,stayproductive@focus.blocksite.co,Blocksite <stayproductive@focus.blocksite.co>,Let‚Äôs Boost Your Productivity!
2,stayproductive@focus.blocksite.co,Blocksite <stayproductive@focus.blocksite.co>,Welcome to BlockSite ‚Äì Let‚Äôs Make Your Goals Happen!
4,no-reply@accounts.google.com,Google <no-reply@accounts.google.com>,Critical security alert
1,pranav.v@nrconsulting.com,Pranav Vats <Pranav.V@nrconsulting.com>,"Job Opening for System Integration Engineer in Albany ,NY"
2,news@esubs.mercurymagazines.com,Mercury Magazines <news@esubs.mercurymagazines.com>,"Steve, Your Birthday Rewards Await Inside!"
4,no-reply@accounts.google.com,Google <no-reply@accounts.google.com>,Critical security alert
1,info@mephistousa.com,Mephisto <info@mephistousa.com>,Brand-New Sneakers & Sandals üî•
10,admin@e.turnoutpac.org,"""TRUMP'S MEDICARE PLAN FOILED | via Progressive Turnout Project"" <admin@e.turnoutpac.org>",BILL GATES ANNOUNCEMENT
8,account@seekingalpha.com,SA Breaking News <account@seekingalpha.com>,XLF: Financial stocks with weakest earnings momentum heading into reporting season
2,info@burrowsforcongress.com,Team Democracy <info@burrowsforcongress.com>,"BREAKING via The Rachel Maddow Show: ""Anti-Trump protests sweep the country as his approval rating sinks to new lows"""
8,account@seekingalpha.com,SA Breaking News <account@seekingalpha.com>,XLF: Financial stocks with strongest earnings momentum heading into reporting season
1,theatermania@email.theatermania.com,TheaterMania <theatermania@email.theatermania.com>,"Data, a new play at the Lucille Lortel Theatre"
1,mail@mail.retailmenot.com,RetailMeNot <mail@mail.retailmenot.com>,‚ù§Ô∏è CVS BOGO Free Valentine's Deals | eBay | ü•™ Jimmy John's $1 Combo | AT&T & More!
2,amn@mail.beehiiv.com,American Market News <amn@mail.beehiiv.com>,3 Retailers at 52-Week Highs With More Room to Run
2,news@esubs.mercurymagazines.com,Mercury Magazines <news@esubs.mercurymagazines.com>,Immediate Response Requested from Steve
8,info@email.meetup.com,"""AI Professionals New York - AI Transformation & Adaptation"" <info@email.meetup.com>",üìÖ Just scheduled: ZenithMind OS Day 1: Why Most Goals Don‚Äôt Survive February
1,jetblueairways@email.jetblue.com,JetBlue <jetblueairways@email.jetblue.com>,"Pre-qualify and earn 60,000 TrueBlue points."
1,market@go.thecapitalwave.com,"""Social Security Payments [TCW]"" <market@go.thecapitalwave.com>","Secrets to Boosting Social Security [Jan 12, 2026]"
3,luckybrand@offers.luckybrand.com,Lucky Brand <luckybrand@offers.luckybrand.com>,Not Your Average Tops. Up To 50% Off.
7,theearlybird@analystratings.net,The Early Bird <theearlybird@analystratings.net>,An Overlooked Tech Bottleneck Is Turning Into an Opportunity
1,campaigns@campaigns.nexhealth.com,"""Herald Square Dental & The Denture Center"" <campaigns@campaigns.nexhealth.com>",Start the Year with a Confident Smile ‚Äì $200 OFF Each New Denture!
8,info@email.meetup.com,"""AI Professionals New York - AI Transformation & Adaptation"" <info@email.meetup.com>","üìÖ Just scheduled: ""Atomic Habits"" - AI Powered Personal Development Workshop"
1,chloe.miller@backstage.com,Chloe from Backstage <chloe.miller@backstage.com>,Inside: Your first gift of the year üéÅ
6,monster@notifications.monster.com,Monster <monster@notifications.monster.com>,"üõéÔ∏è Your job alert for: Technical Writer, United States"
6,monster@notifications.monster.com,Monster <monster@notifications.monster.com>,"üõéÔ∏è Your job alert for: RESEARCHER, TECH WRITER, WEB 3.0 DEVELOPER, New York, New York"
1,newsletter@service.tiktok.com,BirdhouseTropicals on TikTok <newsletter@service.tiktok.com>,BirdhouseTropicals is in your phone contacts
1,info@lumensemail.lumens.com,Lumens <info@lumensemail.lumens.com>,Ends Tonight: Exclusive Private Sale
10,admin@e.turnoutpac.org,"""Should Donald Trump‚Äôs birthday be a federal holiday? | Progressive Turnout Project"" <admin@e.turnoutpac.org>",üîò YES üîò NO
1,email@e.affirm.com,Affirm <email@e.affirm.com>,"Your goals are long-term. Your payments can be, too."
1,newsletter@email.trivago.com,trivago <newsletter@email.trivago.com>,A big trip for a small price? üëÄ
6,monster@notifications.monster.com,Monster <monster@notifications.monster.com>,"üõéÔ∏è Your job alert for: Call Center Jobs, New York, New York"
6,monster@notifications.monster.com,Monster <monster@notifications.monster.com>,"üõéÔ∏è Your job alert for: Writer, United States"
1,support@mail6.lendingclub.com,LendingClub <support@mail6.lendingclub.com>,FYI: You've been sent an invitation from LendingClub
6,monster@notifications.monster.com,Monster <monster@notifications.monster.com>,"üõéÔ∏è Your job alert for: Technical Writer, New York, New York"
6,monster@notifications.monster.com,Monster <monster@notifications.monster.com>,"üõéÔ∏è Your job alert for: Call Center Analyst, United States"
1,customerservice@saxelbycheese.com,Saxelby Cheesemongers <customerservice@saxelbycheese.com>,Don't miss our Raclette sale!
3,recommendations@discover.pinterest.com,Pinterest <recommendations@discover.pinterest.com>,"Steve, love this for you"
1,viking@em.viking.com,Viking <Viking@em.viking.com>,Explore Europe for less during The Viking Savings Event
1,email@mail.ms.now,MS NOW Daily <email@mail.ms.now>,Trump‚Äôs imperialist ambitions
4,reply@ss.email.nextdoor.com,"""SoHo (Houston-WBdwy-Spring) Trending Posts"" <reply@ss.email.nextdoor.com>","Hi neighbors, I‚Äôm Will."
1,noreply@uber.com,Uber Eats <noreply@uber.com>,"You've got a promo, Stephen! ü•≥  Get up to 15% off your next  order"
2,no.reply@email.roberthalf.com,Robert Half <no.reply@email.roberthalf.com>,New Computer jobs in 10012
1,menswearhouse@imktg.menswearhouse.com,"""Men's Wearhouse"" <menswearhouse@imktg.menswearhouse.com>",Up to 70% off: NEW MARKDOWNS
1,email@promotion.overstock.com,Overstock <email@promotion.overstock.com>,Ends today: extra 20% off select rugs üö®
1,no-reply@idealist.org,Idealist <no-reply@idealist.org>,3 new listings match your search on Idealist
2,no.reply@email.roberthalf.com,Robert Half <no.reply@email.roberthalf.com>,New Computer jobs in 10012
1,luckybrand@emails.luckybrand.com,Lucky Brand <luckybrand@emails.luckybrand.com>,EXCLUSIVE: 25% OFF Your Purchase!
8,info@email.meetup.com,Meetup <info@email.meetup.com>,Happy Meetup anniversary! ü•≥
7,theearlybird@analystratings.net,The Early Bird <theearlybird@analystratings.net>,"üê§ 3 Stocks Where Insiders Are Buying, Not Bailing"
1,email@promotion.bedbathandbeyond.com,"""Bed Bath & Beyond"" <email@promotion.bedbathandbeyond.com>",Brighten your new year ‚ú®üí°
1,noreply@mail.citizen.com,Citizen <noreply@mail.citizen.com>,Citizen | Thousands of NYC Nurses on Strike
1,brandsmartusa@brandsmartusa.com,BrandsMart USA <BrandsMartUSA@brandsmartusa.com>,TV Upgrades Start Here üì∫
1,borowitzreport@substack.com,The Borowitz Report <borowitzreport@substack.com>,Envoy From Greenland Offers to Meet Stephen Miller
1,campaign-response@comboink.com,ComboInk <campaign-response@comboink.com>,Your  ink order with 18% off is ready now.
1,support@americantall.com,American Tall <support@americantall.com>,Say bye to 30% Off üëã
3,nytdirect@nytimes.com,The New York Times <nytdirect@nytimes.com>,The Morning: Your Venezuela questions
1,noreply@backstage.com,Backstage <noreply@backstage.com>,58 New Roles Available for Job Recommendations - Jan 12
1,notifications@mail.conversations.godaddy.com,Microsoft 365 Message center <notifications@mail.conversations.godaddy.com>,New message for Technology Advisor
2,smintz24x7@gmail.com,Steve Mintz <smintz24x7@gmail.com>,baserviol.com/fs5fg19k/index.php?brand=Generic&model=&clickid=&cep=yYu1f3Mmr0Q2pxamaIkiVMt4gofobB9vQWY9TEkUvy8fraD90mBN9kDYDI81VrF-beHxyvyOlkpnucBy3ejeI8XLVoB3B_Tcuenr-js3i0hrxG7VVufisihqAJuwYqubEHDi_1UA2jUpuFX2YO2XfPPuM80kgouOg07bFUtb8oN9fwK6_tQZ_gVVyvVc3x_MaxFpw711gsj6SJCge-6P-dV8CPsqOYb1VkC3Namn4Q3qFvN5iEQonEkSU4OXExUx6nv_5y8CpQqKEQIpubPs5ypqxAfkReIatr2nSiiqXCApcVgtGwmqVQJAXO1-J75ztGcyW0ZSqDeuPZV-K4Vdy0wvrMp0st4YhK1vgUh1d2zUVdvHMqmfQrIIKWCkCpoETDFI2vOGDNxp5whA6Xu-5tsw8lucpgX-ZlQcvgwWAzfoPXH8Mj7J_zh03gL7IilqlN17pp7VN-PUPwi5stl8Fxwa8oyIeILsDXaD8cNo-fk&lptoken=17f368aa17d060fe334c&zones=bd93ad2d&medium=adq_uspop160125_bd93ad2d&payout=%7Bpayout%7D#
1,notification@emails.avast.com,Avast <notification@emails.avast.com>,Reminder: Two years of protection? At 66% off?!
1,families-noreply@google.com,Google <families-noreply@google.com>,You deleted your family group
8,account@seekingalpha.com,SA Breaking News <account@seekingalpha.com>,BABA: Food delivery giants rise as Beijing clamps down price wars
2,smintz24x7@gmail.com,Steve Mintz <smintz24x7@gmail.com>,
10,admin@e.turnoutpac.org,"""ü§©Trump LOSES immunity?? | Progressive Turnout Project"" <admin@e.turnoutpac.org>",Justice Sonia Sotomayor [MUST SEE]
6,breakingnews@nytimes.com,The New York Times <breakingnews@nytimes.com>,Golden Globes: ‚ÄúOne Battle After Another‚Äù and ‚ÄúThe Pitt‚Äù win top awards
2,friendupdates@facebookmail.com,Alexis on Facebook <friendupdates@facebookmail.com>,üì∑ Alexis Adler recently posted a new photo
10,admin@e.turnoutpac.org,Mark Kelly <admin@e.turnoutpac.org>,Do not be afraid. Do not be silent. Speak out.
2,capitalone@notification.capitalone.com,Capital One <capitalone@notification.capitalone.com>,"Stephen, there's been a change to your Experian credit report"
4,service@paypal.com,"""service@paypal.com"" <service@paypal.com>",You have a refund from Netflix.com
7,theearlybird@analystratings.net,The Night Owl <theearlybird@analystratings.net>,ü¶â The Night Owl Newsletter for January 11th
7,theearlybird@analystratings.net,The Night Owl <theearlybird@analystratings.net>,ü¶â The Night Owl Newsletter for January 11th
3,recommendations@discover.pinterest.com,Pinterest <recommendations@discover.pinterest.com>,Inspired by Steve
2,noreply@redditmail.com,Reddit <noreply@redditmail.com>,"""Pixel Watch OG!"""
2,friendupdates@facebookmail.com,Alexis on Facebook <friendupdates@facebookmail.com>,üìÑ Alexis Adler posted an update
1,eltoromarketinsights@substack.com,"""Eltoro | Harry Colt"" <eltoromarketinsights@substack.com>",#2 Weekly Update - From $800B to $1.5T Signal - The Orbital Economy Bet and Positions in a 72% Vol Regime
5,noreply@r.groupon.com,Groupon New York <noreply@r.groupon.com>,"Ski, Snowboarding or Snow Tubing Rental Packages at Big SNOW"
3,nordstromrack@eml.nordstromrack.com,NORDSTROM RACK <nordstromrack@eml.nordstromrack.com>,Up to 70% OFF: new shoe markdowns
3,feedback@e.democrats.org,Mark Kelly <feedback@e.democrats.org>,Do not be afraid. Do not be silent. Speak out.
2,capitalone@notification.capitalone.com,Capital One <capitalone@notification.capitalone.com>,"Stephen, there's been a change to your Experian credit report"
6,breakingnews@nytimes.com,The New York Times <breakingnews@nytimes.com>,Breaking news: U.S. prosecutors are said to have opened inquiry into Jerome Powell
5,noreply@r.groupon.com,Groupon <noreply@r.groupon.com>,"Windows 11 Home, Pro, or Enterprise Lifetime Activation Key with Digital Download"
3,luckybrand@offers.luckybrand.com,Lucky Brand <luckybrand@offers.luckybrand.com>,"LAST CALL‚ÄºÔ∏è Extra 25% Off, On Top Of 30% Off Denim"
1,info@e.votevets.org,VoteVets HQ <info@e.votevets.org>,"Please, let us explain"
10,admin@e.turnoutpac.org,"""Steve's Response Requested [Progressive Turnout Project]"" <admin@e.turnoutpac.org>",Regarding New York's Fire Department >>>
4,service@paypal.com,"""service@paypal.com"" <service@paypal.com>",Google Payment Corp: $5.44¬†USD
1,googlestore-noreply@google.com,Google Store <googlestore-noreply@google.com>,Your Pixel Care+ subscription receipt
4,dividends@analystratings.net,DividendStocks <dividends@analystratings.net>,"QBTS 2025 Recap: Revenue Surge, Key Partnerships Formed"
4,info@standingstrongamerica.com,"""Social Security Update (via GOP HQ)"" <info@standingstrongamerica.com>",Will you endorse this Social Security plan?
3,recommendations@discover.pinterest.com,Pinterest <recommendations@discover.pinterest.com>,Inspirational Quotes for Steve
