Count,Email
10,admin@e.turnoutpac.org
8,info@email.meetup.com
8,account@seekingalpha.com
7,theearlybird@analystratings.net
6,breakingnews@nytimes.com
6,monster@notifications.monster.com
5,noreply@r.groupon.com
4,no-reply@accounts.google.com
4,service@paypal.com
4,info@standingstrongamerica.com
4,dividends@analystratings.net
4,reply@ss.email.nextdoor.com
3,nordstromrack@eml.nordstromrack.com
3,feedback@e.democrats.org
3,luckybrand@offers.luckybrand.com
3,crew@your.atlantisinvestors.com
3,nytdirect@nytimes.com
3,recommendations@discover.pinterest.com
2,info@burrowsforcongress.com
2,speak@ocasiocortez.com
2,noreply@redditmail.com
2,acerewards@e1.acehardware.com
2,amn@mail.beehiiv.com
2,hello@e.nymag.com
2,newyorker@newsletter.newyorker.com
2,trackingupdates@fedex.com
2,sofi@m.sofi.org
2,stayproductive@focus.blocksite.co
2,news@esubs.mercurymagazines.com
2,no.reply@email.roberthalf.com
2,smintz24x7@gmail.com
2,friendupdates@facebookmail.com
2,capitalone@notification.capitalone.com
1,notify@mg.flexjobs.com
1,noreply@mc.siriusxm.com
1,support@dropbox.zendesk.com
1,steve.mintz@gmail.com
1,info@katieporter.com
1,teladocbenefits@email.teladochealth.com
1,alerts@ziprecruiter.com
1,info@e.leaderswedeserve.com
1,cnbcpro@response.cnbc.com
1,aarpadvocacy@email.aarp.org
1,reply@e.familysearch.org
1,deltaairlines@o.delta.com
1,newsletter@read.theinfatuation.com
1,info@emails.huffpost.com
1,opentable@mgs.opentable.com
1,voice-noreply@google.com
1,pinterest-recommendations@ideas.pinterest.com
1,info@e.electjon.com
1,moveon-help@list.moveon.org
1,noreply@nedm.asus.com
1,memberinfo@whitney.org
1,foryou-noreply@nytimes.com
1,marketing@marketing.jackpot.com
1,watching-noreply@nytimes.com
1,cmohan@itmmi.com
1,member@email.aarp.org
1,speakup@overthrowhospitality.com
1,noreply@communications.argenx.com
1,donotreply@mail.schwab.com
1,newsletters@email.thestreet.com
1,email@mail.salesforce.com
1,nordstrom@eml.nordstrom.com
1,info@colinallred.com
1,coursera@m.learn.coursera.org
1,no-reply+b40a04cc@toast-restaurants.com
1,info@circajewels.com
1,no-reply@email.peacocktv.com
1,info@us.umusic-online.com
1,newsletter@email.bhphotovideo.com
1,noreply@e.malwarebytes.com
1,weather@marketing.weather.com
1,info@pactothefuture.org
1,memberservices@founderscard.com
1,partners@email.winespectator.com
1,info@jstreet.org
1,contact@e.kamalaharris.com
1,no-reply@alerts.jobot.com
1,no-reply@mail.yelp.com
1,pranav.v@nrconsulting.com
1,info@mephistousa.com
1,theatermania@email.theatermania.com
1,mail@mail.retailmenot.com
1,jetblueairways@email.jetblue.com
1,market@go.thecapitalwave.com
1,campaigns@campaigns.nexhealth.com
1,chloe.miller@backstage.com
1,newsletter@service.tiktok.com
1,info@lumensemail.lumens.com
1,email@e.affirm.com
1,newsletter@email.trivago.com
1,support@mail6.lendingclub.com
1,customerservice@saxelbycheese.com
1,viking@em.viking.com
1,email@mail.ms.now
1,noreply@uber.com
1,menswearhouse@imktg.menswearhouse.com
1,email@promotion.overstock.com
1,no-reply@idealist.org
1,luckybrand@emails.luckybrand.com
1,email@promotion.bedbathandbeyond.com
1,noreply@mail.citizen.com
1,brandsmartusa@brandsmartusa.com
1,borowitzreport@substack.com
1,campaign-response@comboink.com
1,support@americantall.com
1,noreply@backstage.com
1,notifications@mail.conversations.godaddy.com
1,notification@emails.avast.com
1,families-noreply@google.com
1,eltoromarketinsights@substack.com
1,info@e.votevets.org
1,googlestore-noreply@google.com
